filename,prob_leakage
040447_TEV2-3_IVsVg_a1_IVsVg.png,0.13746456801891327
040447_TEV2-3_IVsVg_a1_IVsVg_1.png,0.13746456801891327
040549_TEV2-3_IVsVg_a2_IVsVg.png,0.13746456801891327
040549_TEV2-3_IVsVg_a2_IVsVg_1.png,0.13746456801891327
040650_TEV2-3_IVsVg_a3_IVsVg.png,0.12968884408473969
040650_TEV2-3_IVsVg_a3_IVsVg_1.png,0.12968884408473969
040752_TEV2-3_IVsVg_a4_IVsVg.png,0.2817547023296356
040752_TEV2-3_IVsVg_a4_IVsVg_1.png,0.2817547023296356
040853_TEV2-3_IVsVg_a5_IVsVg.png,0.023008888587355614
040853_TEV2-3_IVsVg_a5_IVsVg_1.png,0.023008888587355614
040954_TEV2-3_IVsVg_a6_IVsVg.png,0.029302293434739113
040954_TEV2-3_IVsVg_a6_IVsVg_1.png,0.029302293434739113
041055_TEV2-3_IVsVg_a7_IVsVg.png,0.12590694427490234
041055_TEV2-3_IVsVg_a7_IVsVg_1.png,0.12590694427490234
041157_TEV2-3_IVsVg_b7_IVsVg.png,0.5735793113708496
041157_TEV2-3_IVsVg_b7_IVsVg_1.png,0.5735793113708496
041259_TEV2-3_IVsVg_b6_IVsVg.png,0.03413898125290871
041259_TEV2-3_IVsVg_b6_IVsVg_1.png,0.03413898125290871
041401_TEV2-3_IVsVg_b5_IVsVg.png,0.03413898125290871
041401_TEV2-3_IVsVg_b5_IVsVg_1.png,0.03413898125290871
041502_TEV2-3_IVsVg_b4_IVsVg.png,0.011539625935256481
041502_TEV2-3_IVsVg_b4_IVsVg_1.png,0.011539625935256481
041604_TEV2-3_IVsVg_b3_IVsVg.png,0.1067037582397461
041604_TEV2-3_IVsVg_b3_IVsVg_1.png,0.1067037582397461
041807_TEV2-3_IVsVg_b1_IVsVg.png,0.08226317912340164
041807_TEV2-3_IVsVg_b1_IVsVg_1.png,0.08226317912340164
041908_TEV2-3_IVsVg_c1_IVsVg.png,0.07427862286567688
041908_TEV2-3_IVsVg_c1_IVsVg_1.png,0.07427862286567688
042009_TEV2-3_IVsVg_c2_IVsVg.png,0.00354270008392632
042009_TEV2-3_IVsVg_c2_IVsVg_1.png,0.00354270008392632
042111_TEV2-3_IVsVg_c3_IVsVg.png,0.06835654377937317
042111_TEV2-3_IVsVg_c3_IVsVg_1.png,0.06835654377937317
042212_TEV2-3_IVsVg_c4_IVsVg.png,0.07162502408027649
042212_TEV2-3_IVsVg_c4_IVsVg_1.png,0.07162502408027649
042313_TEV2-3_IVsVg_c5_IVsVg.png,0.030810639262199402
042313_TEV2-3_IVsVg_c5_IVsVg_1.png,0.030810639262199402
042414_TEV2-3_IVsVg_c6_IVsVg.png,0.0483194999396801
042414_TEV2-3_IVsVg_c6_IVsVg_1.png,0.0483194999396801
042515_TEV2-3_IVsVg_c7_IVsVg.png,0.02849147655069828
042515_TEV2-3_IVsVg_c7_IVsVg_1.png,0.02849147655069828
042616_TEV2-3_IVsVg_d7_IVsVg.png,0.009460067376494408
042616_TEV2-3_IVsVg_d7_IVsVg_1.png,0.009460067376494408
042718_TEV2-3_IVsVg_d6_IVsVg.png,0.009460067376494408
042718_TEV2-3_IVsVg_d6_IVsVg_1.png,0.009460067376494408
042819_TEV2-3_IVsVg_d5_IVsVg.png,0.02302776277065277
042819_TEV2-3_IVsVg_d5_IVsVg_1.png,0.02302776277065277
042920_TEV2-3_IVsVg_d4_IVsVg.png,0.10325902700424194
042920_TEV2-3_IVsVg_d4_IVsVg_1.png,0.10325902700424194
043021_TEV2-3_IVsVg_d3_IVsVg.png,0.22029663622379303
043021_TEV2-3_IVsVg_d3_IVsVg_1.png,0.22029663622379303
043122_TEV2-3_IVsVg_d2_IVsVg.png,0.010660147294402122
043122_TEV2-3_IVsVg_d2_IVsVg_1.png,0.010660147294402122
043223_TEV2-3_IVsVg_d1_IVsVg.png,0.0021219400223344564
043223_TEV2-3_IVsVg_d1_IVsVg_1.png,0.0021219400223344564
043325_TEV2-3_IVsVg_h8_IVsVg.png,0.0021219400223344564
043325_TEV2-3_IVsVg_h8_IVsVg_1.png,0.0021219400223344564
043426_TEV2-3_IVsVg_h7_IVsVg.png,0.045846279710531235
043426_TEV2-3_IVsVg_h7_IVsVg_1.png,0.045846279710531235
043527_TEV2-3_IVsVg_h6_IVsVg.png,0.30189236998558044
043527_TEV2-3_IVsVg_h6_IVsVg_1.png,0.30189236998558044
043628_TEV2-3_IVsVg_h5_IVsVg.png,0.034714408218860626
043628_TEV2-3_IVsVg_h5_IVsVg_1.png,0.034714408218860626
043729_TEV2-3_IVsVg_h4_IVsVg.png,0.005219996906816959
043729_TEV2-3_IVsVg_h4_IVsVg_1.png,0.005219996906816959
043830_TEV2-3_IVsVg_h3_IVsVg.png,0.1298931986093521
043830_TEV2-3_IVsVg_h3_IVsVg_1.png,0.1298931986093521
044033_TEV2-3_IVsVg_h1_IVsVg.png,0.03483656793832779
044033_TEV2-3_IVsVg_h1_IVsVg_1.png,0.03483656793832779
044134_TEV2-3_IVsVg_g1_IVsVg.png,0.01956590823829174
044134_TEV2-3_IVsVg_g1_IVsVg_1.png,0.01956590823829174
044235_TEV2-3_IVsVg_g2_IVsVg.png,0.038893308490514755
044235_TEV2-3_IVsVg_g2_IVsVg_1.png,0.038893308490514755
044336_TEV2-3_IVsVg_g3_IVsVg.png,0.0562930703163147
044336_TEV2-3_IVsVg_g3_IVsVg_1.png,0.0562930703163147
044437_TEV2-3_IVsVg_g4_IVsVg.png,0.01054654736071825
044437_TEV2-3_IVsVg_g4_IVsVg_1.png,0.01054654736071825
044538_TEV2-3_IVsVg_g5_IVsVg.png,0.011011322028934956
044538_TEV2-3_IVsVg_g5_IVsVg_1.png,0.011011322028934956
044640_TEV2-3_IVsVg_g6_IVsVg.png,0.14451158046722412
044640_TEV2-3_IVsVg_g6_IVsVg_1.png,0.14451158046722412
044741_TEV2-3_IVsVg_g7_IVsVg.png,0.14451158046722412
044741_TEV2-3_IVsVg_g7_IVsVg_1.png,0.14451158046722412
044842_TEV2-3_IVsVg_f7_IVsVg.png,0.4999692440032959
044842_TEV2-3_IVsVg_f7_IVsVg_1.png,0.4999692440032959
044943_TEV2-3_IVsVg_f6_IVsVg.png,0.012835816480219364
044943_TEV2-3_IVsVg_f6_IVsVg_1.png,0.012835816480219364
045045_TEV2-3_IVsVg_f5_IVsVg.png,0.16464798152446747
045045_TEV2-3_IVsVg_f5_IVsVg_1.png,0.16464798152446747
045146_TEV2-3_IVsVg_f4_IVsVg.png,0.008911468088626862
045146_TEV2-3_IVsVg_f4_IVsVg_1.png,0.008911468088626862
045247_TEV2-3_IVsVg_f3_IVsVg.png,0.007546819746494293
045247_TEV2-3_IVsVg_f3_IVsVg_1.png,0.007546819746494293
045348_TEV2-3_IVsVg_f2_IVsVg.png,0.007546819746494293
045348_TEV2-3_IVsVg_f2_IVsVg_1.png,0.007546819746494293
045449_TEV2-3_IVsVg_f1_IVsVg.png,0.01213962584733963
045449_TEV2-3_IVsVg_f1_IVsVg_1.png,0.01213962584733963
045550_TEV2-3_IVsVg_e1_IVsVg.png,0.01213962584733963
045550_TEV2-3_IVsVg_e1_IVsVg_1.png,0.01213962584733963
045651_TEV2-3_IVsVg_e2_IVsVg.png,0.01358839962631464
045651_TEV2-3_IVsVg_e2_IVsVg_1.png,0.01358839962631464
045752_TEV2-3_IVsVg_e3_IVsVg.png,0.02132386714220047
045752_TEV2-3_IVsVg_e3_IVsVg_1.png,0.02132386714220047
045853_TEV2-3_IVsVg_e4_IVsVg.png,0.02132386714220047
045853_TEV2-3_IVsVg_e4_IVsVg_1.png,0.02132386714220047
045955_TEV2-3_IVsVg_e5_IVsVg.png,0.02913416177034378
045955_TEV2-3_IVsVg_e5_IVsVg_1.png,0.02913416177034378
050056_TEV2-3_IVsVg_e6_IVsVg.png,0.02913416177034378
050056_TEV2-3_IVsVg_e6_IVsVg_1.png,0.02913416177034378
050157_TEV2-3_IVsVg_e7_IVsVg.png,0.014389041811227798
050157_TEV2-3_IVsVg_e7_IVsVg_1.png,0.014389041811227798
171413_TEV2_IVsVg_a2_IVsVg.png,0.004625340923666954
171413_TEV2_IVsVg_a2_IVsVg_1.png,0.004625340923666954
171443_TEV2_IVsVg_a5_IVsVg.png,0.010692229494452477
171443_TEV2_IVsVg_a5_IVsVg_1.png,0.010692229494452477
171512_TEV2_IVsVg_a8_IVsVg.png,0.13962745666503906
171512_TEV2_IVsVg_a8_IVsVg_1.png,0.13962745666503906
171615_TEV2_IVsVg_b8_IVsVg.png,0.0016424247296527028
171615_TEV2_IVsVg_b8_IVsVg_1.png,0.0015727804275229573
171717_TEV2_IVsVg_b7_IVsVg.png,0.0015727804275229573
171717_TEV2_IVsVg_b7_IVsVg_1.png,0.0015727804275229573
171819_TEV2_IVsVg_b2_IVsVg.png,0.0024616506416350603
171819_TEV2_IVsVg_b2_IVsVg_1.png,0.0024616506416350603
171922_TEV2_IVsVg_b1_IVsVg.png,0.024174781516194344
171922_TEV2_IVsVg_b1_IVsVg_1.png,0.024174781516194344
172024_TEV2_IVsVg_c2_IVsVg.png,0.01965314708650112
172024_TEV2_IVsVg_c2_IVsVg_1.png,0.01965314708650112
172127_TEV2_IVsVg_c7_IVsVg.png,0.0056308419443666935
172127_TEV2_IVsVg_c7_IVsVg_1.png,0.0056308419443666935
172331_TEV2_IVsVg_d8_IVsVg.png,0.006280901841819286
172331_TEV2_IVsVg_d8_IVsVg_1.png,0.008631948381662369
172434_TEV2_IVsVg_d7_IVsVg.png,0.008631948381662369
172434_TEV2_IVsVg_d7_IVsVg_1.png,0.008631948381662369
172536_TEV2_IVsVg_d1_IVsVg.png,0.005855089984834194
172536_TEV2_IVsVg_d1_IVsVg_1.png,0.005855089984834194
172639_TEV2_IVsVg_h8_IVsVg.png,0.0077096824534237385
172639_TEV2_IVsVg_h8_IVsVg_1.png,0.0077096824534237385
172708_TEV2_IVsVg_h4_IVsVg.png,0.03253006190061569
172708_TEV2_IVsVg_h4_IVsVg_1.png,0.01236655656248331
172738_TEV2_IVsVg_h3_IVsVg.png,0.01236655656248331
172738_TEV2_IVsVg_h3_IVsVg_1.png,0.01236655656248331
172807_TEV2_IVsVg_h2_IVsVg.png,0.19635623693466187
172807_TEV2_IVsVg_h2_IVsVg_1.png,0.19635623693466187
172910_TEV2_IVsVg_h1_IVsVg.png,0.003906389232724905
172910_TEV2_IVsVg_h1_IVsVg_1.png,0.003906389232724905
172939_TEV2_IVsVg_g2_IVsVg.png,0.1273030787706375
172939_TEV2_IVsVg_g2_IVsVg_1.png,0.1273030787706375
173009_TEV2_IVsVg_g3_IVsVg.png,0.002517200307920575
173009_TEV2_IVsVg_g3_IVsVg_1.png,0.002517200307920575
173039_TEV2_IVsVg_g5_IVsVg.png,0.03027026727795601
173039_TEV2_IVsVg_g5_IVsVg_1.png,0.03027026727795601
173108_TEV2_IVsVg_g8_IVsVg.png,0.08192290365695953
173108_TEV2_IVsVg_g8_IVsVg_1.png,0.08192290365695953
173137_TEV2_IVsVg_f8_IVsVg.png,0.09666758030653
173137_TEV2_IVsVg_f8_IVsVg_1.png,0.09666758030653
173207_TEV2_IVsVg_f5_IVsVg.png,0.011503469198942184
173207_TEV2_IVsVg_f5_IVsVg_1.png,0.011503469198942184
173236_TEV2_IVsVg_f4_IVsVg.png,0.05308753624558449
173236_TEV2_IVsVg_f4_IVsVg_1.png,0.05308753624558449
173339_TEV2_IVsVg_e2_IVsVg.png,0.0033744950778782368
173339_TEV2_IVsVg_e2_IVsVg_1.png,0.0033744950778782368
173409_TEV2_IVsVg_e4_IVsVg.png,0.056364502757787704
173409_TEV2_IVsVg_e4_IVsVg_1.png,0.056364502757787704
173508_TEV2_IVsVg_e6_IVsVg.png,0.058211494237184525
173508_TEV2_IVsVg_e6_IVsVg_1.png,0.058211494237184525
173611_TEV2_IVsVg_e7_IVsVg.png,0.6200048327445984
173611_TEV2_IVsVg_e7_IVsVg_1.png,0.6200048327445984
173641_TEV2_IVsVg_e8_IVsVg.png,0.04186198115348816
173641_TEV2_IVsVg_e8_IVsVg_1.png,0.04186198115348816
