filename,prob_leakage,prediction
040447_TEV2-3_IVsVg_a1_IVsVg.png,0.13746456801891327,0
040447_TEV2-3_IVsVg_a1_IVsVg_1.png,0.13746456801891327,0
040549_TEV2-3_IVsVg_a2_IVsVg.png,0.13746456801891327,0
040549_TEV2-3_IVsVg_a2_IVsVg_1.png,0.13746456801891327,0
040650_TEV2-3_IVsVg_a3_IVsVg.png,0.12968884408473969,0
040650_TEV2-3_IVsVg_a3_IVsVg_1.png,0.12968884408473969,0
040752_TEV2-3_IVsVg_a4_IVsVg.png,0.2817547023296356,0
040752_TEV2-3_IVsVg_a4_IVsVg_1.png,0.2817547023296356,0
040853_TEV2-3_IVsVg_a5_IVsVg.png,0.023008888587355614,0
040853_TEV2-3_IVsVg_a5_IVsVg_1.png,0.023008888587355614,0
040954_TEV2-3_IVsVg_a6_IVsVg.png,0.029302293434739113,0
040954_TEV2-3_IVsVg_a6_IVsVg_1.png,0.029302293434739113,0
041055_TEV2-3_IVsVg_a7_IVsVg.png,0.12590694427490234,0
041055_TEV2-3_IVsVg_a7_IVsVg_1.png,0.12590694427490234,0
041157_TEV2-3_IVsVg_b7_IVsVg.png,0.5735793113708496,0
041157_TEV2-3_IVsVg_b7_IVsVg_1.png,0.5735793113708496,0
041259_TEV2-3_IVsVg_b6_IVsVg.png,0.03413898125290871,0
041259_TEV2-3_IVsVg_b6_IVsVg_1.png,0.03413898125290871,0
041401_TEV2-3_IVsVg_b5_IVsVg.png,0.03413898125290871,0
041401_TEV2-3_IVsVg_b5_IVsVg_1.png,0.03413898125290871,0
041502_TEV2-3_IVsVg_b4_IVsVg.png,0.011539625935256481,0
041502_TEV2-3_IVsVg_b4_IVsVg_1.png,0.011539625935256481,0
041604_TEV2-3_IVsVg_b3_IVsVg.png,0.1067037582397461,0
041604_TEV2-3_IVsVg_b3_IVsVg_1.png,0.1067037582397461,0
041705_TEV2-3_IVsVg_b2_IVsVg.png,0.7448931336402893,1
041705_TEV2-3_IVsVg_b2_IVsVg_1.png,0.7448931336402893,1
041807_TEV2-3_IVsVg_b1_IVsVg.png,0.08226317912340164,0
041807_TEV2-3_IVsVg_b1_IVsVg_1.png,0.08226317912340164,0
041908_TEV2-3_IVsVg_c1_IVsVg.png,0.07427862286567688,0
041908_TEV2-3_IVsVg_c1_IVsVg_1.png,0.07427862286567688,0
042009_TEV2-3_IVsVg_c2_IVsVg.png,0.00354270008392632,0
042009_TEV2-3_IVsVg_c2_IVsVg_1.png,0.00354270008392632,0
042111_TEV2-3_IVsVg_c3_IVsVg.png,0.06835654377937317,0
042111_TEV2-3_IVsVg_c3_IVsVg_1.png,0.06835654377937317,0
042212_TEV2-3_IVsVg_c4_IVsVg.png,0.07162502408027649,0
042212_TEV2-3_IVsVg_c4_IVsVg_1.png,0.07162502408027649,0
042313_TEV2-3_IVsVg_c5_IVsVg.png,0.030810639262199402,0
042313_TEV2-3_IVsVg_c5_IVsVg_1.png,0.030810639262199402,0
042414_TEV2-3_IVsVg_c6_IVsVg.png,0.0483194999396801,0
042414_TEV2-3_IVsVg_c6_IVsVg_1.png,0.0483194999396801,0
042515_TEV2-3_IVsVg_c7_IVsVg.png,0.02849147655069828,0
042515_TEV2-3_IVsVg_c7_IVsVg_1.png,0.02849147655069828,0
042616_TEV2-3_IVsVg_d7_IVsVg.png,0.009460067376494408,0
042616_TEV2-3_IVsVg_d7_IVsVg_1.png,0.009460067376494408,0
042718_TEV2-3_IVsVg_d6_IVsVg.png,0.009460067376494408,0
042718_TEV2-3_IVsVg_d6_IVsVg_1.png,0.009460067376494408,0
042819_TEV2-3_IVsVg_d5_IVsVg.png,0.02302776277065277,0
042819_TEV2-3_IVsVg_d5_IVsVg_1.png,0.02302776277065277,0
042920_TEV2-3_IVsVg_d4_IVsVg.png,0.10325902700424194,0
042920_TEV2-3_IVsVg_d4_IVsVg_1.png,0.10325902700424194,0
043021_TEV2-3_IVsVg_d3_IVsVg.png,0.22029663622379303,0
043021_TEV2-3_IVsVg_d3_IVsVg_1.png,0.22029663622379303,0
043122_TEV2-3_IVsVg_d2_IVsVg.png,0.010660147294402122,0
043122_TEV2-3_IVsVg_d2_IVsVg_1.png,0.010660147294402122,0
043223_TEV2-3_IVsVg_d1_IVsVg.png,0.0021219400223344564,0
043223_TEV2-3_IVsVg_d1_IVsVg_1.png,0.0021219400223344564,0
043325_TEV2-3_IVsVg_h8_IVsVg.png,0.0021219400223344564,0
043325_TEV2-3_IVsVg_h8_IVsVg_1.png,0.0021219400223344564,0
043426_TEV2-3_IVsVg_h7_IVsVg.png,0.045846279710531235,0
043426_TEV2-3_IVsVg_h7_IVsVg_1.png,0.045846279710531235,0
043527_TEV2-3_IVsVg_h6_IVsVg.png,0.30189236998558044,0
043527_TEV2-3_IVsVg_h6_IVsVg_1.png,0.30189236998558044,0
043628_TEV2-3_IVsVg_h5_IVsVg.png,0.034714408218860626,0
043628_TEV2-3_IVsVg_h5_IVsVg_1.png,0.034714408218860626,0
043729_TEV2-3_IVsVg_h4_IVsVg.png,0.005219996906816959,0
043729_TEV2-3_IVsVg_h4_IVsVg_1.png,0.005219996906816959,0
043830_TEV2-3_IVsVg_h3_IVsVg.png,0.1298931986093521,0
043830_TEV2-3_IVsVg_h3_IVsVg_1.png,0.1298931986093521,0
043931_TEV2-3_IVsVg_h2_IVsVg.png,0.8906394839286804,1
043931_TEV2-3_IVsVg_h2_IVsVg_1.png,0.8906394839286804,1
044033_TEV2-3_IVsVg_h1_IVsVg.png,0.03483656793832779,0
044033_TEV2-3_IVsVg_h1_IVsVg_1.png,0.03483656793832779,0
044134_TEV2-3_IVsVg_g1_IVsVg.png,0.01956590823829174,0
044134_TEV2-3_IVsVg_g1_IVsVg_1.png,0.01956590823829174,0
044235_TEV2-3_IVsVg_g2_IVsVg.png,0.038893308490514755,0
044235_TEV2-3_IVsVg_g2_IVsVg_1.png,0.038893308490514755,0
044336_TEV2-3_IVsVg_g3_IVsVg.png,0.0562930703163147,0
044336_TEV2-3_IVsVg_g3_IVsVg_1.png,0.0562930703163147,0
044437_TEV2-3_IVsVg_g4_IVsVg.png,0.01054654736071825,0
044437_TEV2-3_IVsVg_g4_IVsVg_1.png,0.01054654736071825,0
044538_TEV2-3_IVsVg_g5_IVsVg.png,0.011011322028934956,0
044538_TEV2-3_IVsVg_g5_IVsVg_1.png,0.011011322028934956,0
044640_TEV2-3_IVsVg_g6_IVsVg.png,0.14451158046722412,0
044640_TEV2-3_IVsVg_g6_IVsVg_1.png,0.14451158046722412,0
044741_TEV2-3_IVsVg_g7_IVsVg.png,0.14451158046722412,0
044741_TEV2-3_IVsVg_g7_IVsVg_1.png,0.14451158046722412,0
044842_TEV2-3_IVsVg_f7_IVsVg.png,0.4999692440032959,0
044842_TEV2-3_IVsVg_f7_IVsVg_1.png,0.4999692440032959,0
044943_TEV2-3_IVsVg_f6_IVsVg.png,0.012835816480219364,0
044943_TEV2-3_IVsVg_f6_IVsVg_1.png,0.012835816480219364,0
045045_TEV2-3_IVsVg_f5_IVsVg.png,0.16464798152446747,0
045045_TEV2-3_IVsVg_f5_IVsVg_1.png,0.16464798152446747,0
045146_TEV2-3_IVsVg_f4_IVsVg.png,0.008911468088626862,0
045146_TEV2-3_IVsVg_f4_IVsVg_1.png,0.008911468088626862,0
045247_TEV2-3_IVsVg_f3_IVsVg.png,0.007546819746494293,0
045247_TEV2-3_IVsVg_f3_IVsVg_1.png,0.007546819746494293,0
045348_TEV2-3_IVsVg_f2_IVsVg.png,0.007546819746494293,0
045348_TEV2-3_IVsVg_f2_IVsVg_1.png,0.007546819746494293,0
045449_TEV2-3_IVsVg_f1_IVsVg.png,0.01213962584733963,0
045449_TEV2-3_IVsVg_f1_IVsVg_1.png,0.01213962584733963,0
045550_TEV2-3_IVsVg_e1_IVsVg.png,0.01213962584733963,0
045550_TEV2-3_IVsVg_e1_IVsVg_1.png,0.01213962584733963,0
045651_TEV2-3_IVsVg_e2_IVsVg.png,0.01358839962631464,0
045651_TEV2-3_IVsVg_e2_IVsVg_1.png,0.01358839962631464,0
045752_TEV2-3_IVsVg_e3_IVsVg.png,0.02132386714220047,0
045752_TEV2-3_IVsVg_e3_IVsVg_1.png,0.02132386714220047,0
045853_TEV2-3_IVsVg_e4_IVsVg.png,0.02132386714220047,0
045853_TEV2-3_IVsVg_e4_IVsVg_1.png,0.02132386714220047,0
045955_TEV2-3_IVsVg_e5_IVsVg.png,0.02913416177034378,0
045955_TEV2-3_IVsVg_e5_IVsVg_1.png,0.02913416177034378,0
050056_TEV2-3_IVsVg_e6_IVsVg.png,0.02913416177034378,0
050056_TEV2-3_IVsVg_e6_IVsVg_1.png,0.02913416177034378,0
050157_TEV2-3_IVsVg_e7_IVsVg.png,0.014389041811227798,0
050157_TEV2-3_IVsVg_e7_IVsVg_1.png,0.014389041811227798,0
171413_TEV2_IVsVg_a2_IVsVg.png,0.004625340923666954,0
171413_TEV2_IVsVg_a2_IVsVg_1.png,0.004625340923666954,0
171443_TEV2_IVsVg_a5_IVsVg.png,0.010692229494452477,0
171443_TEV2_IVsVg_a5_IVsVg_1.png,0.010692229494452477,0
171512_TEV2_IVsVg_a8_IVsVg.png,0.13962745666503906,0
171512_TEV2_IVsVg_a8_IVsVg_1.png,0.13962745666503906,0
171615_TEV2_IVsVg_b8_IVsVg.png,0.0016424247296527028,0
171615_TEV2_IVsVg_b8_IVsVg_1.png,0.0015727804275229573,0
171717_TEV2_IVsVg_b7_IVsVg.png,0.0015727804275229573,0
171717_TEV2_IVsVg_b7_IVsVg_1.png,0.0015727804275229573,0
171819_TEV2_IVsVg_b2_IVsVg.png,0.0024616506416350603,0
171819_TEV2_IVsVg_b2_IVsVg_1.png,0.0024616506416350603,0
171922_TEV2_IVsVg_b1_IVsVg.png,0.024174781516194344,0
171922_TEV2_IVsVg_b1_IVsVg_1.png,0.024174781516194344,0
172024_TEV2_IVsVg_c2_IVsVg.png,0.01965314708650112,0
172024_TEV2_IVsVg_c2_IVsVg_1.png,0.01965314708650112,0
172127_TEV2_IVsVg_c7_IVsVg.png,0.0056308419443666935,0
172127_TEV2_IVsVg_c7_IVsVg_1.png,0.0056308419443666935,0
172229_TEV2_IVsVg_c8_IVsVg.png,0.7657517194747925,1
172229_TEV2_IVsVg_c8_IVsVg_1.png,0.7657517194747925,1
172331_TEV2_IVsVg_d8_IVsVg.png,0.006280901841819286,0
172331_TEV2_IVsVg_d8_IVsVg_1.png,0.008631948381662369,0
172434_TEV2_IVsVg_d7_IVsVg.png,0.008631948381662369,0
172434_TEV2_IVsVg_d7_IVsVg_1.png,0.008631948381662369,0
172536_TEV2_IVsVg_d1_IVsVg.png,0.005855089984834194,0
172536_TEV2_IVsVg_d1_IVsVg_1.png,0.005855089984834194,0
172639_TEV2_IVsVg_h8_IVsVg.png,0.0077096824534237385,0
172639_TEV2_IVsVg_h8_IVsVg_1.png,0.0077096824534237385,0
172708_TEV2_IVsVg_h4_IVsVg.png,0.03253006190061569,0
172708_TEV2_IVsVg_h4_IVsVg_1.png,0.01236655656248331,0
172738_TEV2_IVsVg_h3_IVsVg.png,0.01236655656248331,0
172738_TEV2_IVsVg_h3_IVsVg_1.png,0.01236655656248331,0
172807_TEV2_IVsVg_h2_IVsVg.png,0.19635623693466187,0
172807_TEV2_IVsVg_h2_IVsVg_1.png,0.19635623693466187,0
172910_TEV2_IVsVg_h1_IVsVg.png,0.003906389232724905,0
172910_TEV2_IVsVg_h1_IVsVg_1.png,0.003906389232724905,0
172939_TEV2_IVsVg_g2_IVsVg.png,0.1273030787706375,0
172939_TEV2_IVsVg_g2_IVsVg_1.png,0.1273030787706375,0
173009_TEV2_IVsVg_g3_IVsVg.png,0.002517200307920575,0
173009_TEV2_IVsVg_g3_IVsVg_1.png,0.002517200307920575,0
173039_TEV2_IVsVg_g5_IVsVg.png,0.03027026727795601,0
173039_TEV2_IVsVg_g5_IVsVg_1.png,0.03027026727795601,0
173108_TEV2_IVsVg_g8_IVsVg.png,0.08192290365695953,0
173108_TEV2_IVsVg_g8_IVsVg_1.png,0.08192290365695953,0
173137_TEV2_IVsVg_f8_IVsVg.png,0.09666758030653,0
173137_TEV2_IVsVg_f8_IVsVg_1.png,0.09666758030653,0
173207_TEV2_IVsVg_f5_IVsVg.png,0.011503469198942184,0
173207_TEV2_IVsVg_f5_IVsVg_1.png,0.011503469198942184,0
173236_TEV2_IVsVg_f4_IVsVg.png,0.05308753624558449,0
173236_TEV2_IVsVg_f4_IVsVg_1.png,0.05308753624558449,0
173339_TEV2_IVsVg_e2_IVsVg.png,0.0033744950778782368,0
173339_TEV2_IVsVg_e2_IVsVg_1.png,0.0033744950778782368,0
173409_TEV2_IVsVg_e4_IVsVg.png,0.056364502757787704,0
173409_TEV2_IVsVg_e4_IVsVg_1.png,0.056364502757787704,0
173438_TEV2_IVsVg_e5_IVsVg.png,0.9088732004165649,1
173438_TEV2_IVsVg_e5_IVsVg_1.png,0.9088732004165649,1
173508_TEV2_IVsVg_e6_IVsVg.png,0.058211494237184525,0
173508_TEV2_IVsVg_e6_IVsVg_1.png,0.058211494237184525,0
173611_TEV2_IVsVg_e7_IVsVg.png,0.6200048327445984,0
173611_TEV2_IVsVg_e7_IVsVg_1.png,0.6200048327445984,0
173641_TEV2_IVsVg_e8_IVsVg.png,0.04186198115348816,0
173641_TEV2_IVsVg_e8_IVsVg_1.png,0.04186198115348816,0
